[
  {
    "category_id": 1,
    "category_name": "やりかた",
    "category_icon_path": "/yarikata/icn001.ico",
    "category_icon_id": 1,
    "dic_count": 6,
    "dic_memorize_count": 3
  },
  {
    "category_id": 2,
    "category_name": "もちもの",
    "category_icon_path": "/mochimono/icn002.ico",
    "category_icon_id": 2,
    "dic_count": 8,
    "dic_memorize_count": 4
  },
  {
    "category_id": 3,
    "category_name": "みちじゅん",
    "category_icon_path": "/michijun/icn003.ico",
    "category_icon_id": 3,
    "dic_count": 7,
    "dic_memorize_count": 3
  },
  {
    "category_id": 4,
    "category_name": "そのた",
    "category_icon_path": "/sonota/icn004.ico",
    "category_icon_id": 4,
    "dic_count": 11,
    "dic_memorize_count": 5
  }
]
