[
  {
    "schedule": {
      "schedule_id": 1,
      "schedule_meta_id": 1,
      "schedule_from_on": "2018-11-22 12:34:56",
      "schedule_to_on": "2018-11-23 12:34:56",
      "is_completed": 1,
      "is_all_day": 1
    },
    "schedule_meta": {
      "schedule_meta_id": 1,
      "user_id": 1,
      "schedule_title": "学校に行く",
      "schedule_note": "4番線の△△行き",
      "location": "神奈川県横浜市西区緑ヶ丘XX-XX",
      "icon_name": "school",
      "creator_icon_id": 1,
      "creator_icon_path": "/usericon/001.ico",
      "creator_nickname": "アシストくん",
      "created_at": "2018-11-22 12:34:56",
      "updated_at": "2018-12-22 12:34:56",
      "created_by": 1,
      "updated_by": 1
    },
    "reminder": [
      {
        "remind_times_id": 1
      },
      {
        "remind_times_id": 2
      }
    ],
    "dictionary": [
      {
        "dictionary_id": 1
      },
      {
        "dictionary_id": 2
      }
    ],
    "schedule_repeat": {
      "schedule_repeat_id": 1,
      "repeat_start_on": "2018-11-22 12:34:56",
      "repeat_end_on": "2018-11-23 12:34:56",
      "interval": 1,
      "repeat_sunday": 0,
      "repeat_monday": 0,
      "repeat_tuesday": 0,
      "repeat_wednesday": 0,
      "repeat_thursday": 0,
      "repeat_friday": 0,
      "repeat_saturday": 0
    }
  },
  {
    "schedule": {
      "schedule_id": 2,
      "schedule_meta_id": 2,
      "schedule_from_on": "2018-11-24 12:34:56",
      "schedule_to_on": "2018-11-25 12:34:56",
      "is_completed": 0,
      "is_all_day": 1
    },
    "schedule_meta": {
      "schedule_meta_id": 2,
      "user_id": 2,
      "schedule_title": "図書館に行く",
      "schedule_note": "△△行き",
      "location": "神奈川県横浜市西区緑ヶ丘XX-XX",
      "icon_name": "bus",
      "creator_icon_id": 2,
      "creator_icon_path": "/usericon/002.ico",
      "creator_nickname": "アシストさん",
      "created_at": "2018-11-24 12:34:56",
      "updated_at": "2018-11-24 12:34:56",
      "created_by": 2,
      "updated_by": 2
    },
    "reminder": [
      {
        "remind_times_id": 3
      },
      {
        "remind_times_id": 4
      }
    ],
    "dictionary": [
      {
        "dictionary_id": 3
      },
      {
        "dictionary_id": 4
      }
    ],
    "schedule_repeat": {
      "schedule_repeat_id": 2,
      "repeat_start_on": "2018-11-24 12:34:56",
      "repeat_end_on": "2018-11-25 12:34:56",
      "interval": 2,
      "repeat_sunday": 0,
      "repeat_monday": 1,
      "repeat_tuesday": 0,
      "repeat_wednesday": 0,
      "repeat_thursday": 0,
      "repeat_friday": 1,
      "repeat_saturday": 0
    }
  }
]
