{
  "project_info": {
    "project_number": "614030322505",
    "firebase_url": "https://assist-e01fc.firebaseio.com",
    "project_id": "assist-e01fc",
    "storage_bucket": "assist-e01fc.appspot.com"
  },
  "client": [
    {
      "client_info": {
        "mobilesdk_app_id": "1:614030322505:android:973ea65a1705bef2",
        "android_client_info": {
          "package_name": "jp.softbank.assist"
        }
      },
      "oauth_client": [
        {
          "client_id": "614030322505-7l94uadbmov2uu2tch9dmjbepdskolke.apps.googleusercontent.com",
          "client_type": 1,
          "android_info": {
            "package_name": "jp.softbank.assist",
            "certificate_hash": "5821ac0f529bea3a1cd940483efc211e0084958e"
          }
        },
        {
          "client_id": "614030322505-80dsni5tldjtbleo28j8c66nr0qf7h9b.apps.googleusercontent.com",
          "client_type": 3
        }
      ],
      "api_key": [
        {
          "current_key": "AIzaSyCFNvQ17fs2xYZYjVZM3DhpTiWj1kB1Qck"
        }
      ],
      "services": {
        "analytics_service": {
          "status": 1
        },
        "appinvite_service": {
          "status": 2,
          "other_platform_oauth_client": [
            {
              "client_id": "614030322505-80dsni5tldjtbleo28j8c66nr0qf7h9b.apps.googleusercontent.com",
              "client_type": 3
            }
          ]
        },
        "ads_service": {
          "status": 2
        }
      }
    }
  ],
  "configuration_version": "1"
}